{
    "order": [
        3,
        1,
        3
    ],
    "aic": 3115.1333760981515,
    "bic": 3150.0844819586823,
    "log_likelihood": -1550.5666880490758,
    "coefficients": {
        "ar": [
            -1.0454808316836395,
            -0.17615032226782076,
            -0.13066157151099791
        ],
        "ma": [
            -0.9891062401789028,
            -0.9999134409914366,
            0.9890199529171294
        ],
        "const": -1.0454808316836395
    },
    "std_errors": [
        0.08502773476226735,
        0.02470859252597013,
        0.017283621648932435,
        0.8714068538283587,
        0.5004672455344289,
        0.8738658581961878,
        0.8601373230984167
    ]
}